station,MAX.RAIN,MEAN.RAIN
Aotizhongxin,72.5,0.06742095651181372
Changping,52.1,0.06036614971581984
Dingling,52.1,0.06036614971581984
Dongsi,46.4,0.06401951831982651
Guanyuan,72.5,0.06742095651181372
Gucheng,41.9,0.0644527569172782
Huairou,45.9,0.06793967265560284
Nongzhanguan,46.4,0.06401951831982651
Shunyi,37.3,0.06109445063262217
Tiantan,46.4,0.06401951831982651
Wanliu,72.5,0.06826275539321995
Wanshouxigong,46.4,0.06432015979454987
